{
  "authorized_users": [
    511442168,
    7613535490,
    292375460,
    8344456953,
    8428349451,
    9999999999,
    7777777777
  ],
  "last_updated": "2025-10-19T00:31:46.320390",
  "511442168": {
    "telegram_id": "511442168",
    "first_name": "Admin",
    "last_name": "",
    "username": "kaktotakxm",
    "language_code": "ru",
    "is_premium": true,
    "is_admin": true,
    "last_login": "2025-10-15T01:26:47.396641",
    "subscriptions": [
      "logistic-spy"
    ],
    "created_at": "2025-10-14T21:32:43.004363"
  },
  "7613535490": {
    "telegram_id": "7613535490",
    "first_name": "User",
    "last_name": "",
    "username": "",
    "language_code": "ru",
    "is_premium": false,
    "is_admin": false,
    "last_login": "2025-10-19T00:00:00.000000",
    "subscriptions": [
      "logistic-spy"
    ],
    "created_at": "2025-10-19T00:00:00.000000"
  },
  "292375460": {
    "telegram_id": "292375460",
    "first_name": "User",
    "last_name": "",
    "username": "",
    "language_code": "ru",
    "is_premium": false,
    "is_admin": false,
    "last_login": "2025-10-19T00:00:00.000000",
    "subscriptions": [
      "logistic-spy"
    ],
    "created_at": "2025-10-19T00:00:00.000000"
  },
  "8344456953": {
    "telegram_id": "8344456953",
    "first_name": "User",
    "last_name": "",
    "username": "",
    "language_code": "ru",
    "is_premium": false,
    "is_admin": false,
    "last_login": "2025-10-19T00:00:00.000000",
    "subscriptions": [
      "logistic-spy"
    ],
    "created_at": "2025-10-19T00:00:00.000000"
  },
  "8428349451": {
    "telegram_id": "8428349451",
    "first_name": "User",
    "last_name": "",
    "username": "",
    "language_code": "ru",
    "is_premium": false,
    "is_admin": false,
    "last_login": "2025-10-19T00:00:00.000000",
    "subscriptions": [
      "logistic-spy"
    ],
    "created_at": "2025-10-19T00:00:00.000000"
  }
}