{
  "feedback": [
    {
      "signal_id": "otc_NZD_USD_1760482219",
      "user_id": 511442168,
      "pair": "NZD/USD (OTC)",
      "direction": "BUY",
      "confidence": 0.7836749999999999,
      "entry_price": 1.185,
      "expiration": 1,
      "signal_type": "otc",
      "timestamp": "2025-10-15T00:50:19.122910",
      "feedback": "success",
      "feedback_time": "2025-10-15T00:54:19.912946"
    },
    {
      "signal_id": "bulk_otc_USD_CHF_1760482464",
      "user_id": 511442168,
      "pair": "USD/CHF (OTC)",
      "direction": "BUY",
      "confidence": 0.7568999999999998,
      "entry_price": 1.185,
      "expiration": 2,
      "signal_type": "bulk_otc",
      "timestamp": "2025-10-15T00:54:32.659129",
      "feedback": "success",
      "feedback_time": "2025-10-15T01:06:18.828411"
    },
    {
      "signal_id": "otc_EUR_USD_1760638548",
      "user_id": 511442168,
      "pair": "EUR/USD (OTC)",
      "direction": "SELL",
      "confidence": 0.74862,
      "entry_price": 1.185,
      "expiration": 4,
      "signal_type": "otc",
      "timestamp": "2025-10-16T20:15:48.511825",
      "feedback": "success",
      "feedback_time": "2025-10-16T20:31:35.513015"
    },
    {
      "user_id": "511442168",
      "signal_id": "test_signal_123",
      "signal_type": "otc",
      "feedback": "success",
      "timestamp": "2025-10-17T21:36:07.415554"
    },
    {
      "user_id": "511442168",
      "signal_id": "test_signal_failed",
      "signal_type": "otc",
      "feedback": "failed",
      "timestamp": "2025-10-18T20:48:55.808496"
    },
    {
      "user_id": "511442168",
      "signal_id": "mock_GBP_USD_1760818984343_1",
      "signal_type": "otc",
      "feedback": "success",
      "timestamp": "2025-10-18T22:24:43.312918"
    }
  ],
  "last_updated": "2025-10-19T00:31:46.326927",
  "total_signals": 6,
  "successful_signals": 5,
  "failed_signals": 1,
  "win_rate": 83.3,
  "511442168": {
    "total_signals": 3,
    "forex_signals": 0,
    "otc_signals": 3,
    "successful_trades": 2,
    "failed_trades": 1,
    "pending_trades": 0,
    "win_rate": 66.66666666666666
  }
}