{
  "292375460": {
    "username": "ishchenko_n",
    "registered_at": "2025-09-22T13:17:35",
    "status": "new",
    "pocket_option_id": null,
    "verified": false,
    "deposited": false,
    "language": "ru"
  },
  "5573915954": {
    "username": "AminaSakamaki666",
    "registered_at": "2025-09-23T06:10:01",
    "status": "verified",
    "pocket_option_id": "PO112019012",
    "verified": false,
    "deposited": true,
    "language": "ru"
  },
  "857495849": {
    "username": "prototipe0",
    "registered_at": "2025-09-21T16:31:24",
    "status": "new",
    "pocket_option_id": null,
    "verified": false,
    "deposited": false,
    "language": "ru"
  },
  "7734705786": {
    "username": "Пользователь",
    "registered_at": "2025-09-30T18:33:29",
    "status": "new",
    "pocket_option_id": null,
    "verified": false,
    "deposited": false,
    "language": "ru",
    "last_motivation_sent": "2025-10-10T03:25:13.787842"
  },
  "6779913408": {
    "username": "OnVladiska",
    "registered_at": "2025-10-06T01:58:53",
    "status": "verified",
    "pocket_option_id": "PO112540822",
    "verified": false,
    "deposited": true,
    "language": "ru"
  },
  "7919375052": {
    "username": "pavuk228yt",
    "registered_at": "2025-09-22T19:18:11",
    "status": "new",
    "pocket_option_id": null,
    "verified": false,
    "deposited": false,
    "language": "ru",
    "last_motivation_sent": "2025-10-10T03:25:14.850550"
  },
  "7876499716": {
    "username": "za7929",
    "registered_at": "2025-09-22T19:19:21",
    "status": "new",
    "pocket_option_id": null,
    "verified": false,
    "deposited": false,
    "language": "ru",
    "last_motivation_sent": "2025-10-10T03:25:15.942855"
  },
  "1093500189": {
    "username": "Alina_rozko",
    "registered_at": "2025-09-22T19:31:06",
    "status": "new",
    "pocket_option_id": null,
    "verified": false,
    "deposited": false,
    "language": "ru",
    "last_motivation_sent": "2025-10-10T03:25:17.002490"
  },
  "7964282145": {
    "username": "Пользователь",
    "registered_at": "2025-09-22T21:00:04",
    "status": "new",
    "pocket_option_id": null,
    "verified": false,
    "deposited": false,
    "language": "ru"
  },
  "592104309": {
    "username": "JJ_MILER",
    "registered_at": "2025-09-22T21:02:51",
    "status": "new",
    "pocket_option_id": null,
    "verified": false,
    "deposited": false,
    "language": "ru"
  },
  "7917573035": {
    "username": "Пользователь",
    "registered_at": "2025-09-23T06:14:19",
    "status": "new",
    "pocket_option_id": null,
    "verified": false,
    "deposited": false,
    "language": "ru",
    "last_motivation_sent": "2025-10-10T03:25:18.130545"
  },
  "7637275308": {
    "username": "Пользователь",
    "registered_at": "2025-09-23T13:15:48",
    "status": "new",
    "pocket_option_id": null,
    "verified": false,
    "deposited": false,
    "language": "ru",
    "last_motivation_sent": "2025-10-10T03:25:19.270240"
  },
  "1939645381": {
    "username": "MrBaigazy",
    "registered_at": "2025-09-23T21:53:27",
    "status": "verified",
    "pocket_option_id": "PO112123878",
    "verified": false,
    "deposited": true,
    "language": "ru"
  },
  "1573977945": {
    "username": "Alexandr1988M",
    "registered_at": "2025-09-23T22:17:54",
    "status": "new",
    "pocket_option_id": null,
    "verified": false,
    "deposited": false,
    "language": "ru",
    "last_motivation_sent": "2025-10-10T03:25:20.347317"
  },
  "844383050": {
    "username": "Young_mazhor",
    "registered_at": "2025-09-23T23:51:07",
    "status": "new",
    "pocket_option_id": null,
    "verified": false,
    "deposited": false,
    "language": "ru",
    "last_motivation_sent": "2025-10-10T03:25:21.419372"
  },
  "7105650669": {
    "username": "Пользователь",
    "registered_at": "2025-09-25T18:56:37",
    "status": "verified",
    "pocket_option_id": "PO112196771",
    "verified": false,
    "deposited": true,
    "language": "ru"
  },
  "894233971": {
    "username": "not_yours5_1",
    "registered_at": "2025-09-25T20:17:21",
    "status": "new",
    "pocket_option_id": null,
    "verified": false,
    "deposited": false,
    "language": "ru"
  },
  "676220129": {
    "username": "maksonchik11k",
    "registered_at": "2025-09-25T20:29:44",
    "status": "new",
    "pocket_option_id": null,
    "verified": false,
    "deposited": false,
    "language": "ru",
    "last_motivation_sent": "2025-10-10T03:25:22.544739"
  },
  "1297588405": {
    "username": "anLuk1",
    "registered_at": "2025-09-25T20:30:57",
    "status": "new",
    "pocket_option_id": null,
    "verified": false,
    "deposited": false,
    "language": "ru",
    "last_motivation_sent": "2025-10-10T03:25:23.603296"
  },
  "7885230173": {
    "username": "graf_montekristto",
    "registered_at": "2025-09-25T22:58:05",
    "status": "new",
    "pocket_option_id": null,
    "verified": false,
    "deposited": false,
    "language": "ru",
    "last_motivation_sent": "2025-10-10T03:25:24.676422"
  },
  "5302748270": {
    "username": "Egor4ik_bro",
    "registered_at": "2025-09-26T00:46:34",
    "status": "new",
    "pocket_option_id": null,
    "verified": false,
    "deposited": false,
    "language": "ru"
  },
  "5251900613": {
    "username": "The_departing_man",
    "registered_at": "2025-09-26T21:37:32",
    "status": "new",
    "pocket_option_id": null,
    "verified": false,
    "deposited": false,
    "language": "ru",
    "last_motivation_sent": "2025-10-10T03:25:25.787479"
  },
  "6166779694": {
    "username": "toose281",
    "registered_at": "2025-09-27T21:34:44",
    "status": "new",
    "pocket_option_id": null,
    "verified": false,
    "deposited": false,
    "language": "ru",
    "last_motivation_sent": "2025-10-10T03:25:26.880958"
  },
  "1038343604": {
    "username": "Leo_Leforto",
    "registered_at": "2025-09-27T21:47:41",
    "status": "new",
    "pocket_option_id": null,
    "verified": false,
    "deposited": false,
    "language": "ru",
    "last_motivation_sent": "2025-10-10T03:25:27.952002"
  },
  "1062303111": {
    "username": "Пользователь",
    "registered_at": "2025-09-27T22:20:02",
    "status": "verified",
    "pocket_option_id": "PO112341181",
    "verified": false,
    "deposited": true,
    "language": "ru"
  },
  "7949784771": {
    "username": "xNegoday",
    "registered_at": "2025-09-28T00:38:14",
    "status": "new",
    "pocket_option_id": null,
    "verified": false,
    "deposited": false,
    "language": "ru",
    "last_motivation_sent": "2025-10-10T03:25:29.023756"
  },
  "7139123076": {
    "username": "Forela888",
    "registered_at": "2025-09-28T18:10:06",
    "status": "verified",
    "pocket_option_id": "PO112442263",
    "verified": false,
    "deposited": true,
    "language": "ru"
  },
  "1776602947": {
    "username": "KAKOYIN",
    "registered_at": "2025-09-29T21:21:56",
    "status": "new",
    "pocket_option_id": null,
    "verified": false,
    "deposited": false,
    "language": "ru",
    "last_motivation_sent": "2025-10-10T03:25:30.115186"
  },
  "528841277": {
    "username": "n1ble",
    "registered_at": "2025-09-29T21:22:50",
    "status": "new",
    "pocket_option_id": null,
    "verified": false,
    "deposited": false,
    "language": "ru",
    "last_motivation_sent": "2025-10-10T03:25:31.184225"
  },
  "1506356483": {
    "username": "irekily",
    "registered_at": "2025-09-29T23:43:05",
    "status": "new",
    "pocket_option_id": null,
    "verified": false,
    "deposited": false,
    "language": "ru"
  },
  "577770190": {
    "username": "dkoot09",
    "registered_at": "2025-09-30T18:03:38",
    "status": "new",
    "pocket_option_id": null,
    "verified": false,
    "deposited": false,
    "language": "ru",
    "last_motivation_sent": "2025-10-10T03:25:32.346424"
  },
  "896911525": {
    "username": "Dimo4ka2",
    "registered_at": "2025-09-30T18:16:47",
    "status": "new",
    "pocket_option_id": null,
    "verified": false,
    "deposited": false,
    "language": "ru",
    "last_motivation_sent": "2025-10-10T03:25:33.544096"
  },
  "1527793110": {
    "username": "Пользователь",
    "registered_at": "2025-09-30T18:21:33",
    "status": "new",
    "pocket_option_id": null,
    "verified": false,
    "deposited": false,
    "language": "ru",
    "last_motivation_sent": "2025-10-10T03:25:34.614808"
  },
  "1676815170": {
    "username": "thomasfranchesko",
    "registered_at": "2025-09-30T18:44:07",
    "status": "new",
    "pocket_option_id": null,
    "verified": false,
    "deposited": false,
    "language": "ru"
  },
  "669399614": {
    "username": "Monika_Designer",
    "registered_at": "2025-09-30T22:08:08",
    "status": "verified",
    "pocket_option_id": "PO112533373",
    "verified": false,
    "deposited": true,
    "language": "ru"
  },
  "5650532140": {
    "username": "IAMMVP4",
    "registered_at": "2025-10-02T22:19:34",
    "status": "new",
    "pocket_option_id": null,
    "verified": false,
    "deposited": false,
    "language": "ru"
  },
  "8101083851": {
    "username": "cosakas",
    "registered_at": "2025-10-01T07:11:37",
    "status": "new",
    "pocket_option_id": null,
    "verified": false,
    "deposited": false,
    "language": "ru"
  },
  "7724480539": {
    "username": "yurok_loa",
    "registered_at": "2025-10-01T10:14:58",
    "status": "new",
    "pocket_option_id": null,
    "verified": false,
    "deposited": false,
    "language": "ru",
    "last_motivation_sent": "2025-10-10T03:25:35.788497"
  },
  "1190287226": {
    "username": "plexdxd",
    "registered_at": "2025-10-02T00:55:23",
    "status": "new",
    "pocket_option_id": null,
    "verified": false,
    "deposited": false,
    "language": "ru"
  },
  "1636235560": {
    "username": "Пользователь",
    "registered_at": "2025-10-02T01:18:27",
    "status": "new",
    "pocket_option_id": null,
    "verified": false,
    "deposited": false,
    "language": "ru",
    "last_motivation_sent": "2025-10-10T03:25:36.892752"
  },
  "829389212": {
    "username": "un1mmortal",
    "registered_at": "2025-10-03T02:55:32",
    "status": "new",
    "pocket_option_id": null,
    "verified": false,
    "deposited": false,
    "language": "ru"
  },
  "624036699": {
    "username": "teqedi",
    "registered_at": "2025-10-03T06:24:46",
    "status": "new",
    "pocket_option_id": null,
    "verified": false,
    "deposited": false,
    "language": "ru",
    "last_motivation_sent": "2025-10-10T03:25:38.039810"
  },
  "1850195675": {
    "username": "zaputalsay",
    "registered_at": "2025-10-03T15:48:13",
    "status": "new",
    "pocket_option_id": null,
    "verified": false,
    "deposited": false,
    "language": "ru"
  },
  "2121256939": {
    "username": "DeNbGa",
    "registered_at": "2025-10-03T23:28:16",
    "status": "new",
    "pocket_option_id": null,
    "verified": false,
    "deposited": false,
    "language": "ru",
    "last_motivation_sent": "2025-10-10T03:25:39.145333"
  },
  "464934997": {
    "username": "viticu1turist",
    "registered_at": "2025-10-04T02:37:40",
    "status": "new",
    "pocket_option_id": null,
    "verified": false,
    "deposited": false,
    "language": "ru"
  },
  "6208859122": {
    "username": "Dorju1",
    "registered_at": "2025-10-04T05:37:04",
    "status": "verified",
    "pocket_option_id": "PO110336883",
    "verified": false,
    "deposited": true,
    "language": "ru"
  },
  "1040033314": {
    "username": "mssdrm",
    "registered_at": "2025-10-04T13:13:11",
    "status": "new",
    "pocket_option_id": null,
    "verified": false,
    "deposited": false,
    "language": "ru",
    "last_motivation_sent": "2025-10-10T03:25:40.233735"
  },
  "5267956786": {
    "username": "alexisignt",
    "registered_at": "2025-10-04T13:13:59",
    "status": "new",
    "pocket_option_id": null,
    "verified": false,
    "deposited": false,
    "language": "ru",
    "last_motivation_sent": "2025-10-10T03:25:41.295551"
  },
  "406420513": {
    "username": "Пользователь",
    "registered_at": "2025-10-04T15:12:11",
    "status": "new",
    "pocket_option_id": null,
    "verified": false,
    "deposited": false,
    "language": "ru"
  },
  "1830779996": {
    "username": "Irumaii",
    "registered_at": "2025-10-04T17:25:34",
    "status": "new",
    "pocket_option_id": null,
    "verified": false,
    "deposited": false,
    "language": "ru"
  },
  "889161182": {
    "username": "gerakus",
    "registered_at": "2025-10-04T20:30:08",
    "status": "new",
    "pocket_option_id": null,
    "verified": false,
    "deposited": false,
    "language": "ru",
    "last_motivation_sent": "2025-10-10T03:25:42.428580"
  },
  "640413959": {
    "username": "MaksimA_174",
    "registered_at": "2025-10-05T17:25:12",
    "status": "new",
    "pocket_option_id": null,
    "verified": false,
    "deposited": false,
    "language": "ru",
    "last_motivation_sent": "2025-10-10T03:25:43.496315"
  },
  "386642386": {
    "username": "polzovatel1991",
    "registered_at": "2025-10-05T21:57:08",
    "status": "new",
    "pocket_option_id": null,
    "verified": false,
    "deposited": false,
    "language": "ru",
    "last_motivation_sent": "2025-10-10T03:25:44.569074"
  },
  "7370063519": {
    "username": "takinpa",
    "registered_at": "2025-10-05T22:00:19",
    "status": "new",
    "pocket_option_id": null,
    "verified": false,
    "deposited": false,
    "language": "ru",
    "last_motivation_sent": "2025-10-10T03:25:45.633853"
  },
  "211804": {
    "username": "olegagv",
    "registered_at": "2025-10-05T23:27:46",
    "status": "new",
    "pocket_option_id": null,
    "verified": false,
    "deposited": false,
    "language": "ru"
  },
  "915937740": {
    "username": "NikolayNik94",
    "registered_at": "2025-10-05T23:40:17",
    "status": "new",
    "pocket_option_id": null,
    "verified": false,
    "deposited": false,
    "language": "ru",
    "last_motivation_sent": "2025-10-10T03:25:46.730121"
  },
  "1422813656": {
    "username": "Mr_china26",
    "registered_at": "2025-10-06T00:12:07",
    "status": "new",
    "pocket_option_id": null,
    "verified": false,
    "deposited": false,
    "language": "ru",
    "last_motivation_sent": "2025-10-10T03:25:47.786765"
  },
  "339314784": {
    "username": "d_sk_91",
    "registered_at": "2025-10-06T00:21:44",
    "status": "new",
    "pocket_option_id": null,
    "verified": false,
    "deposited": false,
    "language": "ru",
    "last_motivation_sent": "2025-10-10T03:25:48.851139"
  },
  "5993769378": {
    "username": "Kypapy",
    "registered_at": "2025-10-06T02:37:11",
    "status": "verified",
    "pocket_option_id": "PO112877239",
    "verified": false,
    "deposited": true,
    "language": "ru"
  },
  "7015199125": {
    "username": "Пользователь",
    "registered_at": "2025-10-06T11:44:14",
    "status": "new",
    "pocket_option_id": null,
    "verified": false,
    "deposited": false,
    "language": "ru",
    "last_motivation_sent": "2025-10-10T03:25:49.917321"
  },
  "7005876089": {
    "username": "Durov_usdt_ton_not",
    "registered_at": "2025-10-06T11:54:32",
    "status": "new",
    "pocket_option_id": null,
    "verified": false,
    "deposited": false,
    "language": "ru"
  },
  "6192791046": {
    "username": "Papylya01",
    "registered_at": "2025-10-06T11:55:37",
    "status": "new",
    "pocket_option_id": null,
    "verified": false,
    "deposited": false,
    "language": "ru"
  },
  "753092016": {
    "username": "D4nlly",
    "registered_at": "2025-10-06T16:13:35",
    "status": "new",
    "pocket_option_id": null,
    "verified": false,
    "deposited": false,
    "language": "ru",
    "last_motivation_sent": "2025-10-10T03:25:51.065491"
  },
  "1300283572": {
    "username": "Roxxxxt",
    "registered_at": "2025-10-06T18:55:11",
    "status": "new",
    "pocket_option_id": null,
    "verified": false,
    "deposited": false,
    "language": "ru",
    "last_motivation_sent": "2025-10-10T03:25:52.149358"
  },
  "1455334833": {
    "username": "Ig_M_T",
    "registered_at": "2025-10-06T23:02:22",
    "status": "new",
    "pocket_option_id": null,
    "verified": false,
    "deposited": false,
    "language": "ru"
  },
  "1501315508": {
    "username": "Vlad_3135",
    "registered_at": "2025-10-07T00:34:44",
    "status": "new",
    "pocket_option_id": null,
    "verified": false,
    "deposited": false,
    "language": "ru",
    "last_motivation_sent": "2025-10-10T03:25:53.249597"
  },
  "6593921643": {
    "username": "lano4ka_04",
    "registered_at": "2025-10-07T01:22:13",
    "status": "verified",
    "pocket_option_id": "PO112947277",
    "verified": false,
    "deposited": true,
    "language": "ru"
  },
  "7106584656": {
    "username": "tixooooooooooaa",
    "registered_at": "2025-10-07T08:20:42",
    "status": "new",
    "pocket_option_id": null,
    "verified": false,
    "deposited": false,
    "language": "ru",
    "last_motivation_sent": "2025-10-10T03:25:54.313312"
  },
  "8053005509": {
    "username": "wteamua",
    "registered_at": "2025-10-07T09:43:17",
    "status": "new",
    "pocket_option_id": null,
    "verified": false,
    "deposited": false,
    "language": "ru",
    "last_motivation_sent": "2025-10-10T03:25:55.375693"
  },
  "6760344711": {
    "username": "ro2108",
    "registered_at": "2025-10-07T14:03:02",
    "status": "new",
    "pocket_option_id": null,
    "verified": false,
    "deposited": false,
    "language": "ru",
    "last_motivation_sent": "2025-10-10T03:25:56.449786"
  },
  "8241916403": {
    "username": "Пользователь",
    "registered_at": "2025-10-07T14:03:08",
    "status": "new",
    "pocket_option_id": null,
    "verified": false,
    "deposited": false,
    "language": "ru",
    "last_motivation_sent": "2025-10-10T03:25:57.514695"
  },
  "5728745809": {
    "username": "Gr0m61",
    "registered_at": "2025-10-07T14:08:00",
    "status": "new",
    "pocket_option_id": null,
    "verified": false,
    "deposited": false,
    "language": "ru"
  },
  "824330130": {
    "username": "vladik_svv",
    "registered_at": "2025-10-07T14:11:29",
    "status": "new",
    "pocket_option_id": null,
    "verified": false,
    "deposited": false,
    "language": "ru",
    "last_motivation_sent": "2025-10-10T03:25:58.610103"
  },
  "2107956734": {
    "username": "mayakovsky_i",
    "registered_at": "2025-10-07T14:23:44",
    "status": "new",
    "pocket_option_id": null,
    "verified": false,
    "deposited": false,
    "language": "ru"
  },
  "924617212": {
    "username": "Пользователь",
    "registered_at": "2025-10-07T15:03:00",
    "status": "new",
    "pocket_option_id": null,
    "verified": false,
    "deposited": false,
    "language": "ru",
    "last_motivation_sent": "2025-10-10T03:25:59.717280"
  },
  "690057035": {
    "username": "drozdomaha",
    "registered_at": "2025-10-07T15:14:17",
    "status": "new",
    "pocket_option_id": null,
    "verified": false,
    "deposited": false,
    "language": "ru"
  },
  "6719922527": {
    "username": "MarkEckos",
    "registered_at": "2025-10-07T21:50:31",
    "status": "new",
    "pocket_option_id": null,
    "verified": false,
    "deposited": false,
    "language": "ru"
  },
  "1013931203": {
    "username": "Пользователь",
    "registered_at": "2025-10-08T06:18:33",
    "status": "new",
    "pocket_option_id": null,
    "verified": false,
    "deposited": false,
    "language": "ru",
    "last_motivation_sent": "2025-10-10T03:26:00.859345"
  },
  "1093953374": {
    "username": "pizzalover77",
    "registered_at": "2025-10-09T22:05:12",
    "status": "new",
    "pocket_option_id": null,
    "verified": false,
    "deposited": false,
    "language": "ru",
    "last_motivation_sent": "2025-10-10T03:26:01.924875"
  },
  "5339422548": {
    "username": "GachiSlauva",
    "registered_at": "2025-10-09T22:42:36",
    "status": "new",
    "pocket_option_id": null,
    "verified": false,
    "deposited": false,
    "language": "ru",
    "last_motivation_sent": "2025-10-10T03:26:02.994072"
  },
  "1918092360": {
    "username": "asta018",
    "registered_at": "2025-10-09T23:40:12",
    "status": "new",
    "pocket_option_id": null,
    "verified": false,
    "deposited": false,
    "language": "ru",
    "last_motivation_sent": "2025-10-10T03:26:04.066438"
  },
  "5778499128": {
    "username": "Пользователь",
    "registered_at": "2025-10-10T00:19:49",
    "status": "new",
    "pocket_option_id": null,
    "verified": false,
    "deposited": false,
    "language": "ru",
    "last_motivation_sent": "2025-10-10T03:26:05.132966"
  },
  "1532565454": {
    "username": "thxm4l",
    "registered_at": "2025-10-10T02:36:01",
    "status": "new",
    "pocket_option_id": null,
    "verified": false,
    "deposited": false,
    "language": "ru",
    "last_motivation_sent": "2025-10-10T03:26:06.228530"
  }
}