{
  "active_users": {
    "511442168": {
      "last_seen": "2025-10-25T19:05:00.123707",
      "source": "web",
      "is_online": true
    },
    "8428349451": {
      "last_seen": "2025-10-25T19:02:11.849009",
      "source": "web",
      "is_online": true
    },
    "7613535490": {
      "last_seen": "2025-10-25T02:12:36.528936",
      "source": "web",
      "is_online": true
    },
    "8344456953": {
      "last_seen": "2025-10-25T19:05:40.406056",
      "source": "web",
      "is_online": true
    }
  },
  "last_updated": "2025-10-25T19:05:40.406056"
}