{
  "feedback": [
    {
      "signal_id": "bulk_otc_USD_CHF_1761255085",
      "user_id": 511442168,
      "pair": "USD/CHF (OTC)",
      "direction": "SELL",
      "confidence": 0.7607999999999998,
      "entry_price": 1.185,
      "expiration": 1,
      "signal_type": "bulk_otc",
      "timestamp": "2025-10-23T23:31:34.739677",
      "feedback": "success",
      "feedback_time": "2025-10-23T23:36:59.824249"
    },
    {
      "user_id": "7613535490",
      "signal_id": "auto_otc_EUR_USD_(OTC)_1761263657",
      "signal_type": "otc",
      "feedback": "success",
      "timestamp": "2025-10-24T21:13:11.564104",
      "pair": "EUR/USD (OTC)",
      "direction": "SELL",
      "confidence": 0.7478999999999999
    },
    {
      "user_id": "8428349451",
      "signal_id": "otc_EUR_USD_(OTC)_1761332876",
      "signal_type": "otc",
      "feedback": "success",
      "timestamp": "2025-10-24T21:15:00.056974",
      "pair": "EUR/USD (OTC)",
      "direction": "SELL",
      "confidence": 0.7419599999999998
    },
    {
      "user_id": "511442168",
      "signal_id": "forex_EUR_USD_1761332712",
      "signal_type": "forex",
      "feedback": "success",
      "timestamp": "2025-10-24T22:04:08.655848",
      "pair": "EUR/USD",
      "direction": "BUY",
      "confidence": 78.11999999999999
    },
    {
      "user_id": "511442168",
      "signal_id": "mock_USD_CHF (OTC)_1761342607969",
      "signal_type": "otc",
      "feedback": "success",
      "timestamp": "2025-10-25T00:02:58.600642",
      "pair": "USD/CHF (OTC)",
      "direction": "BUY",
      "confidence": 0.8604604854700513
    },
    {
      "user_id": "8428349451",
      "signal_id": "otc_GBP_USD_(OTC)_1761351563",
      "signal_type": "otc",
      "feedback": "success",
      "timestamp": "2025-10-25T02:21:46.139733",
      "pair": "GBP/USD (OTC)",
      "direction": "BUY",
      "confidence": 0.7503599999999999
    },
    {
      "user_id": "511442168",
      "signal_id": "otc_NZD_USD_(OTC)_1761399645",
      "signal_type": "otc",
      "feedback": "success",
      "timestamp": "2025-10-25T15:58:23.764217",
      "pair": "NZD/USD (OTC)",
      "direction": "SELL",
      "confidence": 0.7447199999999998
    }
  ],
  "last_updated": "2025-10-25T15:58:23.764217",
  "7613535490": {
    "total_signals": 3,
    "forex_signals": 0,
    "otc_signals": 3,
    "successful_trades": 1,
    "failed_trades": 0,
    "pending_trades": 1,
    "win_rate": 100.0
  },
  "511442168": {
    "total_signals": 15,
    "forex_signals": 5,
    "otc_signals": 10,
    "successful_trades": 3,
    "failed_trades": 0,
    "pending_trades": 9,
    "win_rate": 100.0
  },
  "123": {
    "total_signals": 1,
    "forex_signals": 1,
    "otc_signals": 0,
    "successful_trades": 0,
    "failed_trades": 0,
    "pending_trades": 1,
    "win_rate": 0.0
  },
  "8428349451": {
    "total_signals": 4,
    "forex_signals": 0,
    "otc_signals": 4,
    "successful_trades": 2,
    "failed_trades": 0,
    "pending_trades": 0,
    "win_rate": 100.0
  },
  "successful_signals": 6,
  "total_signals": 6
}